Kanji,Kana,Nghĩa,Loại từ
私,わたし,tôi,danh từ
あなた,あなた,bạn,danh từ
彼,かれ,anh ấy,danh từ
彼女,かのじょ,cô ấy,danh từ
私たち,わたしたち,chúng tôi,danh từ
皆,みな,mọi người,danh từ
友達,ともだち,bạn bè,danh từ
先生,せんせい,giáo viên,danh từ
学生,がくせい,"học sinh, sinh viên",danh từ
家族,かぞく,gia đình,danh từ
父,ちち,cha (của mình),danh từ
母,はは,mẹ (của mình),danh từ
お父さん,おとうさん,cha (người khác),danh từ
お母さん,おかあさん,mẹ (người khác),danh từ
兄,あに,anh trai (của mình),danh từ
姉,あね,chị gái (của mình),danh từ
弟,おとうと,em trai,danh từ
妹,いもうと,em gái,danh từ
子供,こども,"trẻ em, con cái",danh từ
友人,ゆうじん,bạn bè (trang trọng),danh từ
奥さん,おくさん,vợ (người khác),danh từ
夫,おっと,chồng (của mình),danh từ
妻,つま,vợ (của mình),danh từ
会社員,かいしゃいん,nhân viên công ty,danh từ
医者,いしゃ,bác sĩ,danh từ
看護師,かんごし,y tá,danh từ
学生,がくせい,học sinh,danh từ
高校生,こうこうせい,học sinh cấp 3,danh từ
中学生,ちゅうがくせい,học sinh cấp 2,danh từ
先生,せんせい,giáo viên,danh từ
友,とも,bạn,danh từ
親,おや,cha mẹ,danh từ
兄弟,きょうだい,anh em,danh từ
姉妹,しまい,chị em,danh từ
家,いえ,nhà,danh từ
家庭,かてい,gia đình (nơi sinh sống),danh từ
夫婦,ふうふ,vợ chồng,danh từ
恋人,こいびと,người yêu,danh từ
彼氏,かれし,bạn trai,danh từ
彼女,かのじょ,bạn gái,danh từ
上司,じょうし,cấp trên,danh từ
部下,ぶか,cấp dưới,danh từ
先生方,せんせいがた,các thầy cô,danh từ
皆さん,みなさん,các bạn,danh từ
誰,だれ,ai,đại từ
人,ひと,người,danh từ
方,かた,vị (lịch sự của 人),danh từ
友人関係,ゆうじんかんけい,quan hệ bạn bè,danh từ
親友,しんゆう,bạn thân,danh từ
知り合い,しりあい,người quen,danh từ
初めて,はじめて,lần đầu tiên,trạng từ
名前,なまえ,tên,danh từ
苗字,みょうじ,họ,danh từ
年齢,ねんれい,tuổi tác,danh từ
男,おとこ,nam giới,danh từ
女,おんな,nữ giới,danh từ
男の子,おとこのこ,bé trai,danh từ
女の子,おんなのこ,bé gái,danh từ
大人,おとな,người lớn,danh từ
子供,こども,trẻ em,danh từ
赤ちゃん,あかちゃん,em bé,danh từ
友人達,ゆうじんたち,những người bạn,danh từ
同僚,どうりょう,đồng nghiệp,danh từ
隣,となり,bên cạnh,danh từ
隣人,りんじん,hàng xóm,danh từ
外国人,がいこくじん,người nước ngoài,danh từ
日本人,にほんじん,người Nhật,danh từ
友好,ゆうこう,tình bạn,danh từ
紹介,しょうかい,giới thiệu,danh từ
自己紹介,じこしょうかい,giới thiệu bản thân,danh từ
挨拶,あいさつ,chào hỏi,danh từ
話す,はなす,nói chuyện,động từ
聞く,きく,nghe,động từ
見る,みる,nhìn,động từ
会う,あう,gặp gỡ,động từ
笑う,わらう,cười,động từ
泣く,なく,khóc,động từ
怒る,おこる,tức giận,động từ
助ける,たすける,giúp đỡ,động từ
待つ,まつ,chờ đợi,động từ
呼ぶ,よぶ,gọi,động từ
立つ,たつ,đứng,động từ
座る,すわる,ngồi,động từ
歩く,あるく,đi bộ,động từ
走る,はしる,chạy,động từ
働く,はたらく,làm việc,động từ
休む,やすむ,nghỉ ngơi,động từ
話,はなし,câu chuyện,danh từ
手,て,tay,danh từ
顔,かお,khuôn mặt,danh từ
目,め,mắt,danh từ
耳,みみ,tai,danh từ
口,くち,miệng,danh từ
鼻,はな,mũi,danh từ
髪,かみ,tóc,danh từ
体,からだ,cơ thể,danh từ
心,こころ,"trái tim, tấm lòng",danh từ
愛,あい,tình yêu,danh từ
友情,ゆうじょう,tình bạn,danh từ
朝,あさ,buổi sáng,danh từ
昼,ひる,buổi trưa,danh từ
夜,よる,buổi tối,danh từ
今,いま,bây giờ,danh từ
昨日,きのう,hôm qua,danh từ
今日,きょう,hôm nay,danh từ
明日,あした,ngày mai,danh từ
毎日,まいにち,mỗi ngày,trạng từ
毎朝,まいあさ,mỗi sáng,trạng từ
毎晩,まいばん,mỗi tối,trạng từ
時間,じかん,thời gian,danh từ
分,ふん,phút,danh từ
時,じ,giờ,danh từ
秒,びょう,giây,danh từ
午前,ごぜん,buổi sáng (trước 12h),danh từ
午後,ごご,buổi chiều (sau 12h),danh từ
朝ご飯,あさごはん,bữa sáng,danh từ
昼ご飯,ひるごはん,bữa trưa,danh từ
晩ご飯,ばんごはん,bữa tối,danh từ
食べる,たべる,ăn,động từ
飲む,のむ,uống,động từ
起きる,おきる,thức dậy,động từ
寝る,ねる,ngủ,động từ
働く,はたらく,làm việc,động từ
勉強する,べんきょうする,học tập,động từ
学校,がっこう,trường học,danh từ
会社,かいしゃ,công ty,danh từ
家,いえ,nhà,danh từ
部屋,へや,phòng,danh từ
机,つくえ,bàn,danh từ
椅子,いす,ghế,danh từ
本,ほん,sách,danh từ
新聞,しんぶん,báo,danh từ
雑誌,ざっし,tạp chí,danh từ
ノート,ノート,vở ghi,danh từ
鉛筆,えんぴつ,bút chì,danh từ
ペン,ペン,bút mực,danh từ
消しゴム,けしゴム,gôm tẩy,danh từ
時計,とけい,đồng hồ,danh từ
電話,でんわ,điện thoại,danh từ
携帯電話,けいたいでんわ,điện thoại di động,danh từ
パソコン,パソコン,máy tính,danh từ
テレビ,テレビ,tivi,danh từ
冷蔵庫,れいぞうこ,tủ lạnh,danh từ
洗濯機,せんたくき,máy giặt,danh từ
掃除する,そうじする,dọn dẹp,động từ
洗う,あらう,rửa,động từ
使う,つかう,sử dụng,động từ
買う,かう,mua,động từ
売る,うる,bán,động từ
店,みせ,cửa hàng,danh từ
スーパー,スーパー,siêu thị,danh từ
コンビニ,コンビニ,cửa hàng tiện lợi,danh từ
レストラン,レストラン,nhà hàng,danh từ
料理,りょうり,"món ăn, việc nấu ăn",danh từ
作る,つくる,"làm, chế tạo",động từ
食べ物,たべもの,thức ăn,danh từ
飲み物,のみもの,đồ uống,danh từ
果物,くだもの,trái cây,danh từ
野菜,やさい,rau,danh từ
肉,にく,thịt,danh từ
魚,さかな,cá,danh từ
卵,たまご,trứng,danh từ
水,みず,nước,danh từ
お茶,おちゃ,trà,danh từ
牛乳,ぎゅうにゅう,sữa,danh từ
ジュース,ジュース,nước trái cây,danh từ
朝食,ちょうしょく,bữa sáng,danh từ
昼食,ちゅうしょく,bữa trưa,danh từ
夕食,ゆうしょく,bữa tối,danh từ
食堂,しょくどう,nhà ăn,danh từ
台所,だいどころ,nhà bếp,danh từ
風呂,ふろ,bồn tắm,danh từ
トイレ,トイレ,nhà vệ sinh,danh từ
歯,は,răng,danh từ
歯を磨く,はをみがく,đánh răng,động từ
顔を洗う,かおをあらう,rửa mặt,động từ
シャワーを浴びる,シャワーをあびる,tắm vòi sen,động từ
着る,きる,mặc (áo),động từ
脱ぐ,ぬぐ,"cởi (áo, giày…)",động từ
靴,くつ,giày,danh từ
靴下,くつした,"vớ, tất",danh từ
服,ふく,quần áo,danh từ
帽子,ぼうし,mũ,danh từ
傘,かさ,"ô, dù",danh từ
天気,てんき,thời tiết,danh từ
雨,あめ,mưa,danh từ
雪,ゆき,tuyết,danh từ
風,かぜ,gió,danh từ
晴れ,はれ,trời nắng,danh từ
曇り,くもり,trời mây,danh từ
寒い,さむい,lạnh,tính từ
暑い,あつい,nóng (thời tiết),tính từ
熱い,あつい,nóng (vật),tính từ
冷たい,つめたい,"lạnh (vật, người)",tính từ
忙しい,いそがしい,bận rộn,tính từ
楽しい,たのしい,vui vẻ,tính từ
うれしい,うれしい,vui mừng,tính từ
悲しい,かなしい,buồn,tính từ
学校,がっこう,Trường học,Danh từ
先生,せんせい,Giáo viên,Danh từ
学生,がくせい,Học sinh,Danh từ
教室,きょうしつ,Lớp học,Danh từ
本,ほん,Sách,Danh từ
鉛筆,えんぴつ,Bút chì,Danh từ
机,つくえ,Bàn,Danh từ
椅子,いす,Ghế,Danh từ
黒板,こくばん,Bảng đen,Danh từ
教科書,きょうかしょ,Sách giáo khoa,Danh từ
勉強,べんきょう,Học tập,Danh từ
試験,しけん,Kỳ thi,Danh từ
質問,しつもん,Câu hỏi,Danh từ
答え,こたえ,Câu trả lời,Danh từ
紙,かみ,Giấy,Danh từ
ノート,ノート,Vở,Danh từ
本棚,ほんだな,Kệ sách,Danh từ
時計,とけい,Đồng hồ,Danh từ
教える,おしえる,Dạy,Động từ
習う,ならう,Học,Động từ
読む,よむ,Đọc,Động từ
書く,かく,Viết,Động từ
聞く,きく,Nghe,Động từ
話す,はなす,Nói,Động từ
見る,みる,Nhìn,Động từ
覚える,おぼえる,Ghi nhớ,Động từ
忘れる,わすれる,Quên,Động từ
開ける,あける,Mở,Động từ
閉める,しめる,Đóng,Động từ
入る,はいる,Vào,Động từ
出る,でる,Ra,Động từ
立つ,たつ,Đứng,Động từ
座る,すわる,Ngồi,Động từ
消す,けす,Tắt,Động từ
点ける,つける,Bật,Động từ
描く,かく,Vẽ,Động từ
作文,さくぶん,Bài văn,Danh từ
図書館,としょかん,Thư viện,Danh từ
練習,れんしゅう,Luyện tập,Danh từ
宿題,しゅくだい,Bài tập về nhà,Danh từ
算数,さんすう,Toán học,Danh từ
数学,すうがく,Toán,Danh từ
英語,えいご,Tiếng Anh,Danh từ
日本語,にほんご,Tiếng Nhật,Danh từ
国語,こくご,Quốc ngữ,Danh từ
理科,りか,Khoa học tự nhiên,Danh từ
社会,しゃかい,Xã hội học,Danh từ
音楽,おんがく,Âm nhạc,Danh từ
体育,たいいく,Thể dục,Danh từ
歴史,れきし,Lịch sử,Danh từ
漢字,かんじ,Chữ Hán,Danh từ
ひらがな,ひらがな,Hiragana,Danh từ
カタカナ,カタカナ,Katakana,Danh từ
字,じ,Chữ,Danh từ
文,ぶん,Câu,Danh từ
文法,ぶんぽう,Ngữ pháp,Danh từ
単語,たんご,Từ vựng,Danh từ
意味,いみ,Nghĩa,Danh từ
例,れい,Ví dụ,Danh từ
答える,こたえる,Trả lời,Động từ
教科,きょうか,Môn học,Danh từ
授業,じゅぎょう,Tiết học,Danh từ
試す,ためす,Thử,Động từ
卒業,そつぎょう,Tốt nghiệp,Động từ
入学,にゅうがく,Nhập học,Động từ
大学,だいがく,Đại học,Danh từ
高校,こうこう,Trung học phổ thông,Danh từ
中学校,ちゅうがっこう,Trung học cơ sở,Danh từ
小学校,しょうがっこう,Tiểu học,Danh từ
幼稚園,ようちえん,Mẫu giáo,Danh từ
部活,ぶかつ,Câu lạc bộ,Danh từ
図形,ずけい,Hình dạng,Danh từ
線,せん,Đường thẳng,Danh từ
色,いろ,Màu sắc,Danh từ
絵,え,Tranh vẽ,Danh từ
文を書く,ぶんをかく,Viết câu,Cụm từ
本を読む,ほんをよむ,Đọc sách,Cụm từ
質問する,しつもんする,Đặt câu hỏi,Cụm từ
答えを書く,こたえをかく,Viết câu trả lời,Cụm từ
練習する,れんしゅうする,Luyện tập,Cụm từ
研究,けんきゅう,Nghiên cứu,Danh từ
科学,かがく,Khoa học,Danh từ
実験,じっけん,Thí nghiệm,Danh từ
先生に聞く,せんせいにきく,Hỏi thầy cô,Cụm từ
学生生活,がくせいせいかつ,Đời sống học sinh,Danh từ
友達,ともだち,Bạn bè,Danh từ
勉強する,べんきょうする,Học hành,Động từ
努力する,どりょくする,Nỗ lực,Động từ
試験を受ける,しけんをうける,Thi cử,Cụm từ
成績,せいせき,Thành tích,Danh từ
教室に入る,きょうしつにはいる,Vào lớp,Cụm từ
授業を受ける,じゅぎょうをうける,Tham dự tiết học,Cụm từ
宿題をする,しゅくだいをする,Làm bài tập,Cụm từ
黒板を見る,こくばんをみる,Nhìn bảng,Cụm từ
本を開く,ほんをひらく,Mở sách,Cụm từ
答えを言う,こたえをいう,Nói đáp án,Cụm từ
問題,もんだい,Vấn đề,Danh từ
発表,はっぴょう,Thuyết trình,Danh từ
説明,せつめい,Giải thích,Danh từ
宿題を出す,しゅくだいをだす,Nộp bài tập,Cụm từ
時間,じかん,Thời gian,Danh từ
分,ふん,Phút,Danh từ
秒,びょう,Giây,Danh từ
日,にち,Ngày,Danh từ
週,しゅう,Tuần,Danh từ
月,つき,Tháng,Danh từ
年,とし,Năm,Danh từ
今日,きょう,Hôm nay,Danh từ
昨日,きのう,Hôm qua,Danh từ
明日,あした,Ngày mai,Danh từ
今週,こんしゅう,Tuần này,Danh từ
来週,らいしゅう,Tuần sau,Danh từ
先週,せんしゅう,Tuần trước,Danh từ
今月,こんげつ,Tháng này,Danh từ
来月,らいげつ,Tháng sau,Danh từ
先月,せんげつ,Tháng trước,Danh từ
今年,ことし,Năm nay,Danh từ
来年,らいねん,Năm sau,Danh từ
去年,きょねん,Năm ngoái,Danh từ
曜日,ようび,Thứ trong tuần,Danh từ
月曜日,げつようび,Thứ hai,Danh từ
火曜日,かようび,Thứ ba,Danh từ
水曜日,すいようび,Thứ tư,Danh từ
木曜日,もくようび,Thứ năm,Danh từ
金曜日,きんようび,Thứ sáu,Danh từ
土曜日,どようび,Thứ bảy,Danh từ
日曜日,にちようび,Chủ nhật,Danh từ
朝,あさ,Buổi sáng,Danh từ
昼,ひる,Buổi trưa,Danh từ
夜,よる,Buổi tối,Danh từ
午前,ごぜん,Buổi sáng (trước 12h),Danh từ
午後,ごご,Buổi chiều (sau 12h),Danh từ
今,いま,Bây giờ,Danh từ
前,まえ,Trước,Danh từ
後,あと,Sau,Danh từ
毎日,まいにち,Mỗi ngày,Danh từ
毎週,まいしゅう,Mỗi tuần,Danh từ
毎月,まいつき,Mỗi tháng,Danh từ
毎年,まいとし,Mỗi năm,Danh từ
毎朝,まいあさ,Mỗi sáng,Danh từ
毎晩,まいばん,Mỗi tối,Danh từ
時々,ときどき,Thỉnh thoảng,Danh từ
いつ,いつ,Khi nào,Danh từ
もうすぐ,もうすぐ,Sắp,Danh từ
今朝,けさ,Sáng nay,Danh từ
今晩,こんばん,Tối nay,Danh từ
昨夜,ゆうべ,Tối qua,Danh từ
先ほど,さきほど,Lúc nãy,Danh từ
あとで,あとで,Sau đó,Danh từ
さっき,さっき,Vừa nãy,Danh từ
すぐ,すぐ,Ngay lập tức,Danh từ
ゆっくり,ゆっくり,Chậm rãi,Danh từ
早い,はやい,Sớm,Danh từ
遅い,おそい,Muộn,Danh từ
始まる,はじまる,Bắt đầu,Danh từ
終わる,おわる,Kết thúc,Danh từ
続く,つづく,Tiếp tục,Danh từ
予定,よてい,Dự định,Danh từ
約束,やくそく,Hẹn,Danh từ
時間割,じかんわり,Thời khóa biểu,Danh từ
カレンダー,カレンダー,Lịch,Danh từ
時計,とけい,Đồng hồ,Danh từ
秒針,びょうしん,Kim giây,Danh từ
時間がある,じかんがある,Có thời gian,Danh từ
時間がない,じかんがない,Không có thời gian,Danh từ
朝ご飯,あさごはん,Bữa sáng,Danh từ
昼ご飯,ひるごはん,Bữa trưa,Danh từ
晩ご飯,ばんごはん,Bữa tối,Danh từ
今夜,こんや,Tối nay,Danh từ
夕方,ゆうがた,Chiều tối,Danh từ
午後三時,ごごさんじ,Ba giờ chiều,Danh từ
午前七時,ごぜんしちじ,Bảy giờ sáng,Danh từ
一日,ついたち,Ngày mồng một,Danh từ
二日,ふつか,Ngày mồng hai,Danh từ
三日,みっか,Ngày mồng ba,Danh từ
四日,よっか,Ngày mồng bốn,Danh từ
五日,いつか,Ngày mồng năm,Danh từ
六日,むいか,Ngày mồng sáu,Danh từ
七日,なのか,Ngày mồng bảy,Danh từ
八日,ようか,Ngày mồng tám,Danh từ
九日,ここのか,Ngày mồng chín,Danh từ
十日,とおか,Ngày mồng mười,Danh từ
二十日,はつか,Ngày hai mươi,Danh từ
三十日,さんじゅうにち,Ngày ba mươi,Danh từ
何日,なんにち,Ngày bao nhiêu,Danh từ
何時,なんじ,Mấy giờ,Danh từ
何曜日,なんようび,Thứ mấy,Danh từ
季節,きせつ,Mùa,Danh từ
春,はる,Mùa xuân,Danh từ
夏,なつ,Mùa hè,Danh từ
秋,あき,Mùa thu,Danh từ
冬,ふゆ,Mùa đông,Danh từ
一年,いちねん,Một năm,Danh từ
一週間,いっしゅうかん,Một tuần,Danh từ
一ヶ月,いっかげつ,Một tháng,Danh từ
一時間,いちじかん,Một giờ,Danh từ
一分,いっぷん,Một phút,Danh từ
一秒,いちびょう,Một giây,Danh từ
午前中,ごぜんちゅう,Buổi sáng,Danh từ
午後中,ごごちゅう,Buổi chiều,Danh từ
家族,かぞく,Gia đình,Danh từ
父,ちち,Cha,Danh từ
母,はは,Mẹ,Danh từ
兄,あに,Anh trai,Danh từ
姉,あね,Chị gái,Danh từ
弟,おとうと,Em trai,Danh từ
妹,いもうと,Em gái,Danh từ
夫,おっと,Chồng,Danh từ
妻,つま,Vợ,Danh từ
子供,こども,Trẻ con,Danh từ
赤ちゃん,あかちゃん,Em bé,Danh từ
友達,ともだち,Bạn bè,Danh từ
先生,せんせい,Giáo viên,Danh từ
学生,がくせい,Học sinh,Danh từ
人,ひと,Người,Danh từ
男,おとこ,Đàn ông,Danh từ
女,おんな,Phụ nữ,Danh từ
大人,おとな,Người lớn,Danh từ
子ども,こども,Trẻ em,Danh từ
名前,なまえ,Tên,Danh từ
有名,ゆうめい,Nổi tiếng,Danh từ
外国人,がいこくじん,Người nước ngoài,Danh từ
日本人,にほんじん,Người Nhật,Danh từ
友人,ゆうじん,Bạn thân,Danh từ
家内,かない,Vợ (cách nói khiêm nhường),Danh từ
親,おや,Cha mẹ,Danh từ
おじ,おじ,Chú,Danh từ
おば,おば,Cô,Danh từ
叔父,おじ,Chú (trẻ),Danh từ
叔母,おば,Cô (trẻ),Danh từ
祖父,そふ,Ông,Danh từ
祖母,そぼ,Bà,Danh từ
孫,まご,Cháu,Danh từ
夫婦,ふうふ,Vợ chồng,Danh từ
親戚,しんせき,Họ hàng,Danh từ
恋人,こいびと,Người yêu,Danh từ
彼氏,かれし,Bạn trai,Danh từ
彼女,かのじょ,Bạn gái,Danh từ
同僚,どうりょう,Đồng nghiệp,Danh từ
上司,じょうし,Cấp trên,Danh từ
部下,ぶか,Cấp dưới,Danh từ
隣,となり,Hàng xóm,Danh từ
知り合い,しりあい,Người quen,Danh từ
初めて,はじめて,Lần đầu tiên,Danh từ
自己紹介,じこしょうかい,Giới thiệu bản thân,Danh từ
住所,じゅうしょ,Địa chỉ,Danh từ
電話番号,でんわばんごう,Số điện thoại,Danh từ
生年月日,せいねんがっぴ,Ngày sinh,Danh từ
年齢,ねんれい,Tuổi,Danh từ
趣味,しゅみ,Sở thích,Danh từ
仕事,しごと,Công việc,Danh từ nghề nghiệp
会社員,かいしゃいん,Nhân viên công ty,Danh từ nghề nghiệp
店員,てんいん,Nhân viên cửa hàng,Danh từ nghề nghiệp
医者,いしゃ,Bác sĩ,Danh từ nghề nghiệp
看護師,かんごし,Y tá,Danh từ nghề nghiệp
先生,せんせい,Giáo viên,Danh từ nghề nghiệp
学生,がくせい,Học sinh,Danh từ nghề nghiệp
警察官,けいさつかん,Cảnh sát,Danh từ nghề nghiệp
運転手,うんてんしゅ,Tài xế,Danh từ nghề nghiệp
料理人,りょうりにん,Đầu bếp,Danh từ nghề nghiệp
郵便屋,ゆうびんや,Người đưa thư,Danh từ nghề nghiệp
消防士,しょうぼうし,Lính cứu hỏa,Danh từ nghề nghiệp
歌手,かしゅ,Ca sĩ,Danh từ nghề nghiệp
俳優,はいゆう,Diễn viên,Danh từ nghề nghiệp
農家,のうか,Nông dân,Danh từ nghề nghiệp
大工,だいく,Thợ mộc,Danh từ nghề nghiệp
主婦,しゅふ,Nội trợ,Danh từ nghề nghiệp
美容師,びようし,Thợ làm tóc,Danh từ nghề nghiệp
画家,がか,Họa sĩ,Danh từ nghề nghiệp
作家,さっか,Nhà văn,Danh từ nghề nghiệp
科学者,かがくしゃ,Nhà khoa học,Danh từ nghề nghiệp
社長,しゃちょう,Giám đốc,Danh từ nghề nghiệp
店長,てんちょう,Quản lý cửa hàng,Danh từ nghề nghiệp
先生,せんせい,Giáo viên,Danh từ nghề nghiệp
秘書,ひしょ,Thư ký,Danh từ nghề nghiệp
銀行員,ぎんこういん,Nhân viên ngân hàng,Danh từ nghề nghiệp
通訳,つうやく,Thông dịch viên,Danh từ nghề nghiệp
翻訳者,ほんやくしゃ,Biên dịch viên,Danh từ nghề nghiệp
写真家,しゃしんか,Nhiếp ảnh gia,Danh từ nghề nghiệp
音楽家,おんがくか,Nhạc sĩ,Danh từ nghề nghiệp
友だち,ともだち,Bạn bè,Tính từ
先輩,せんぱい,Đàn anh,Tính từ
後輩,こうはい,Đàn em,Tính từ
上手,じょうず,Giỏi,Tính từ
下手,へた,Kém,Tính từ
人気,にんき,Phổ biến,Tính từ
優しい,やさしい,Dịu dàng,Tính từ
親切,しんせつ,Tốt bụng,Tính từ
真面目,まじめ,Chăm chỉ,Tính từ
元気,げんき,Khỏe mạnh,Tính từ
静か,しずか,Yên tĩnh,Tính từ
にぎやか,にぎやか,Nhộn nhịp,Tính từ
明るい,あかるい,Sáng sủa,Tính từ
暗い,くらい,Tối tăm,Tính từ
忙しい,いそがしい,Bận rộn,Tính từ
暇,ひま,Rảnh rỗi,Tính từ
背,せ,Chiều cao,Tính từ
顔,かお,Khuôn mặt,Tính từ
笑顔,えがお,Nụ cười,Tính từ
涙,なみだ,Nước mắt,Tính từ
本,ほん,Sách,Danh từ
鉛筆,えんぴつ,Bút chì,Danh từ
ペン,ぺん,Bút,Danh từ
ノート,のーと,Vở,Danh từ
紙,かみ,Giấy,Danh từ
手紙,てがみ,Thư,Danh từ
新聞,しんぶん,Báo,Danh từ
雑誌,ざっし,Tạp chí,Danh từ
教科書,きょうかしょ,Sách giáo khoa,Danh từ
辞書,じしょ,Từ điển,Danh từ
机,つくえ,Bàn,Danh từ
椅子,いす,Ghế,Danh từ
ベッド,べっど,Giường,Danh từ
布団,ふとん,Chăn,Danh từ
枕,まくら,Gối,Danh từ
窓,まど,Cửa sổ,Danh từ
ドア,どあ,Cửa ra vào,Danh từ
鍵,かぎ,Chìa khóa,Danh từ
電気,でんき,Điện,Danh từ
エアコン,えあこん,Máy lạnh,Danh từ
テレビ,てれび,Tivi,Danh từ
冷蔵庫,れいぞうこ,Tủ lạnh,Danh từ
洗濯機,せんたくき,Máy giặt,Danh từ
電子レンジ,でんしれんじ,Lò vi sóng,Danh từ
時計,とけい,Đồng hồ,Danh từ
カメラ,かめら,Máy ảnh,Danh từ
電話,でんわ,Điện thoại,Danh từ
コンピュータ,こんぴゅーた,Máy tính,Danh từ
パソコン,ぱそこん,Máy tính cá nhân,Danh từ
ラジオ,らじお,Radio,Danh từ
バッグ,ばっぐ,Túi xách,Danh từ
財布,さいふ,Ví tiền,Danh từ
靴,くつ,Giày,Danh từ
靴下,くつした,Vớ,Danh từ
服,ふく,Quần áo,Danh từ
シャツ,しゃつ,Áo sơ mi,Danh từ
ズボン,ずぼん,Quần,Danh từ
スカート,すかーと,Váy,Danh từ
帽子,ぼうし,Mũ,Danh từ
眼鏡,めがね,Kính,Danh từ
傘,かさ,Ô,Danh từ
鞄,かばん,Cặp,Danh từ
指輪,ゆびわ,Nhẫn,Danh từ
時計,とけい,Đồng hồ,Danh từ
ネクタイ,ねくたい,Cà vạt,Danh từ
コート,こーと,Áo khoác,Danh từ
ハンカチ,はんかち,Khăn tay,Danh từ
タオル,たおる,Khăn tắm,Danh từ
鏡,かがみ,Gương,Danh từ
石鹸,せっけん,Xà phòng,Danh từ
歯ブラシ,はぶらし,Bàn chải đánh răng,Danh từ
歯磨き粉,はみがきこ,Kem đánh răng,Danh từ
シャンプー,しゃんぷー,Dầu gội,Danh từ
リンス,りんす,Dầu xả,Danh từ
ドライヤー,どらいやー,Máy sấy tóc,Danh từ
テーブル,てーぶる,Bàn,Danh từ
皿,さら,Đĩa,Danh từ
コップ,こっぷ,Cốc,Danh từ
箸,はし,Đũa,Danh từ
フォーク,ふぉーく,Nĩa,Danh từ
スプーン,すぷーん,Thìa,Danh từ
包丁,ほうちょう,Dao,Danh từ
鍋,なべ,Nồi,Danh từ
フライパン,ふらいぱん,Chảo,Danh từ
冷凍庫,れいとうこ,Ngăn đá,Danh từ
掃除機,そうじき,Máy hút bụi,Danh từ
ごみ箱,ごみばこ,Thùng rác,Danh từ
カーテン,かーてん,Rèm cửa,Danh từ
ライト,らいと,Đèn,Danh từ
棚,たな,Kệ,Danh từ
壁,かべ,Tường,Danh từ
床,ゆか,Sàn,Danh từ
天井,てんじょう,Trần nhà,Danh từ
庭,にわ,Vườn,Danh từ
ベランダ,べらんだ,Ban công,Danh từ
玄関,げんかん,Cửa ra vào,Danh từ
トイレ,といれ,Nhà vệ sinh,Danh từ
風呂,ふろ,Phòng tắm,Danh từ
台所,だいどころ,Nhà bếp,Danh từ
部屋,へや,Phòng,Danh từ
寝室,しんしつ,Phòng ngủ,Danh từ
居間,いま,Phòng khách,Danh từ
食堂,しょくどう,Nhà ăn,Danh từ
窓,まど,Cửa sổ,Danh từ
机,つくえ,Bàn,Danh từ
椅子,いす,Ghế,Danh từ
ベッド,べっど,Giường,Danh từ
絵,え,Tranh,Danh từ
写真,しゃしん,Ảnh,Danh từ
時計,とけい,Đồng hồ,Danh từ
テレビ,てれび,Tivi,Danh từ
本棚,ほんだな,Kệ sách,Danh từ
電話,でんわ,Điện thoại,Danh từ
コンセント,こんせんと,Ổ cắm,Danh từ
電池,でんち,Pin,Danh từ
スイッチ,すいっち,Công tắc,Danh từ
ポスター,ぽすたー,Áp phích,Danh từ
カレンダー,かれんだー,Lịch,Danh từ
新聞,しんぶん,Báo,Danh từ
雑誌,ざっし,Tạp chí,Danh từ
駅,えき,Nhà ga,Danh từ
空港,くうこう,Sân bay,Danh từ
バス停,ばすてい,Trạm xe buýt,Danh từ
バス,ばす,Xe buýt,Danh từ
電車,でんしゃ,Tàu điện,Danh từ
地下鉄,ちかてつ,Tàu điện ngầm,Danh từ
自転車,じてんしゃ,Xe đạp,Danh từ
車,くるま,Ô tô,Danh từ
タクシー,たくしー,Taxi,Danh từ
船,ふね,Thuyền,Danh từ
飛行機,ひこうき,Máy bay,Danh từ
信号,しんごう,Đèn giao thông,Danh từ
交差点,こうさてん,Ngã tư,Danh từ
道,みち,Con đường,Danh từ
橋,はし,Cầu,Danh từ
トンネル,とんねる,Hầm,Danh từ
バス乗り場,ばすのりば,Bến xe buýt,Danh từ
停留所,ていりゅうじょ,Trạm dừng,Danh từ
地図,ちず,Bản đồ,Danh từ
切符,きっぷ,Vé,Danh từ
入口,いりぐち,Lối vào,Danh từ
出口,でぐち,Lối ra,Danh từ
左,ひだり,Trái,Danh từ
右,みぎ,Phải,Danh từ
前,まえ,Trước,Danh từ
後ろ,うしろ,Sau,Danh từ
近く,ちかく,Gần,Danh từ
遠く,とおく,Xa,Danh từ
中,なか,Trong,Danh từ
外,そと,Ngoài,Danh từ
上,うえ,Trên,Danh từ
下,した,Dưới,Danh từ
東,ひがし,Đông,Danh từ
西,にし,Tây,Danh từ
南,みなみ,Nam,Danh từ
北,きた,Bắc,Danh từ
角,かど,Góc,Danh từ
信号機,しんごうき,Đèn tín hiệu,Danh từ
横断歩道,おうだんほどう,Vạch qua đường,Danh từ
道路,どうろ,Đường bộ,Danh từ
公園,こうえん,Công viên,Danh từ
学校,がっこう,Trường học,Danh từ
病院,びょういん,Bệnh viện,Danh từ
銀行,ぎんこう,Ngân hàng,Danh từ
郵便局,ゆうびんきょく,Bưu điện,Danh từ
図書館,としょかん,Thư viện,Danh từ
スーパー,すーぱー,Siêu thị,Danh từ
デパート,でぱーと,Trung tâm thương mại,Danh từ
コンビニ,こんびに,Cửa hàng tiện lợi,Danh từ
レストラン,れすとらん,Nhà hàng,Danh từ
喫茶店,きっさてん,Quán cà phê,Danh từ
ホテル,ほてる,Khách sạn,Danh từ
映画館,えいがかん,Rạp chiếu phim,Danh từ
美術館,びじゅつかん,Bảo tàng mỹ thuật,Danh từ
博物館,はくぶつかん,Viện bảo tàng,Danh từ
神社,じんじゃ,Đền Thần đạo,Danh từ
お寺,おてら,Chùa,Danh từ
教会,きょうかい,Nhà thờ,Danh từ
会社,かいしゃ,Công ty,Danh từ
工場,こうじょう,Nhà máy,Danh từ
駅前,えきまえ,Trước nhà ga,Danh từ
空,そら,Bầu trời,Danh từ
海,うみ,Biển,Danh từ
山,やま,Núi,Danh từ
川,かわ,Sông,Danh từ
湖,みずうみ,Hồ,Danh từ
森,もり,Rừng,Danh từ
田んぼ,たんぼ,Ruộng lúa,Danh từ
畑,はたけ,Ruộng,Danh từ
道の駅,みちのえき,Trạm nghỉ đường,Danh từ
市,し,Thành phố,Danh từ
町,まち,Thị trấn,Danh từ
村,むら,Làng,Danh từ
建物,たてもの,Tòa nhà,Danh từ
家,いえ,Nhà,Danh từ
部屋,へや,Phòng,Danh từ
マンション,まんしょん,Chung cư cao cấp,Danh từ
アパート,あぱーと,Căn hộ,Danh từ
ビル,びる,Tòa nhà,Danh từ
市場,いちば,Chợ,Danh từ
港,みなと,Cảng,Danh từ
動物園,どうぶつえん,Sở thú,Danh từ
水族館,すいぞくかん,Thủy cung,Danh từ
遊園地,ゆうえんち,Khu vui chơi,Danh từ
温泉,おんせん,Suối nước nóng,Danh từ
花屋,はなや,Tiệm hoa,Danh từ
パン屋,ぱんや,Tiệm bánh mì,Danh từ
本屋,ほんや,Hiệu sách,Danh từ
肉屋,にくや,Tiệm thịt,Danh từ
魚屋,さかなや,Tiệm cá,Danh từ
八百屋,やおや,Tiệm rau,Danh từ
交番,こうばん,Đồn cảnh sát,Danh từ
駐車場,ちゅうしゃじょう,Bãi đỗ xe,Danh từ
信号,しんごう,Đèn giao thông,Danh từ
交差点,こうさてん,Ngã tư,Danh từ
空,そら,Bầu trời,Danh từ
山,やま,Núi,Danh từ
海,うみ,Biển,Danh từ
橋,はし,Cầu,Danh từ
道,みち,Đường,Danh từ
食べ物,たべもの,Đồ ăn,Danh từ
飲み物,のみもの,Đồ uống,Danh từ
ご飯,ごはん,"Cơm, bữa ăn",Danh từ
朝ご飯,あさごはん,Bữa sáng,Danh từ
昼ご飯,ひるごはん,Bữa trưa,Danh từ
晩ご飯,ばんごはん,Bữa tối,Danh từ
パン,ぱん,Bánh mì,Danh từ
卵,たまご,Trứng,Danh từ
肉,にく,Thịt,Danh từ
魚,さかな,Cá,Danh từ
野菜,やさい,Rau,Danh từ
果物,くだもの,Trái cây,Danh từ
水,みず,Nước,Danh từ
お茶,おちゃ,Trà,Danh từ
コーヒー,こーひー,Cà phê,Danh từ
牛乳,ぎゅうにゅう,Sữa bò,Danh từ
ジュース,じゅーす,Nước ép,Danh từ
砂糖,さとう,Đường,Danh từ
塩,しお,Muối,Danh từ
味噌,みそ,Tương miso,Danh từ
醤油,しょうゆ,Nước tương,Danh từ
ごちそう,ごちそう,Bữa ăn thịnh soạn,Danh từ
料理,りょうり,"Món ăn, việc nấu nướng",Danh từ
作る,つくる,"Làm, chế biến",Động từ
食べる,たべる,Ăn,Động từ
飲む,のむ,Uống,Động từ
味,あじ,"Vị, hương vị",Danh từ
甘い,あまい,Ngọt,Tính từ
辛い,からい,Cay,Tính từ
塩辛い,しおからい,Mặn,Tính từ
苦い,にがい,Đắng,Tính từ
酸っぱい,すっぱい,Chua,Tính từ
美味しい,おいしい,Ngon,Tính từ
まずい,まずい,Dở,Tính từ
冷たい,つめたい,Lạnh (cảm giác khi chạm vào),Tính từ
温かい,あたたかい,Ấm,Tính từ
熱い,あつい,Nóng,Tính từ
お弁当,おべんとう,Cơm hộp,Danh từ
箸,はし,Đũa,Danh từ
皿,さら,"Dĩa, đĩa",Danh từ
茶碗,ちゃわん,"Chén, bát",Danh từ
スプーン,すぷーん,Muỗng,Danh từ
フォーク,ふぉーく,Nĩa,Danh từ
ナイフ,ないふ,Dao,Danh từ
レストラン,れすとらん,Nhà hàng,Danh từ
カフェ,かふぇ,Quán cà phê,Danh từ
食堂,しょくどう,Nhà ăn,Danh từ
メニュー,めにゅー,Thực đơn,Danh từ
注文,ちゅうもん,Gọi món,Danh từ
お腹がすく,おなかがすく,Đói bụng,Cụm động từ
喉が渇く,のどがかわく,Khát nước,Cụm động từ
お腹いっぱい,おなかいっぱい,No bụng,Cụm từ
いただきます,いただきます,Câu nói trước khi ăn,Cụm từ
ごちそうさまでした,ごちそうさまでした,Câu nói sau khi ăn,Cụm từ
天気,てんき,Thời tiết,Danh từ
晴れ,はれ,"Trời nắng, quang đãng",Danh từ
曇り,くもり,"Trời mây, âm u",Danh từ
雨,あめ,Mưa,Danh từ
雪,ゆき,Tuyết,Danh từ
風,かぜ,Gió,Danh từ
台風,たいふう,Bão,Danh từ
雷,かみなり,Sấm sét,Danh từ
空,そら,Bầu trời,Danh từ
雲,くも,Mây,Danh từ
太陽,たいよう,Mặt trời,Danh từ
星,ほし,Ngôi sao,Danh từ
月,つき,Mặt trăng,Danh từ
山,やま,Núi,Danh từ
川,かわ,Sông,Danh từ
海,うみ,Biển,Danh từ
湖,みずうみ,Hồ,Danh từ
森,もり,Rừng rậm,Danh từ
林,はやし,Rừng cây,Danh từ
花,はな,Hoa,Danh từ
草,くさ,Cỏ,Danh từ
木,き,Cây,Danh từ
石,いし,Đá,Danh từ
火,ひ,Lửa,Danh từ
水,みず,Nước,Danh từ
土,つち,Đất,Danh từ
空気,くうき,Không khí,Danh từ
気温,きおん,Nhiệt độ không khí,Danh từ
寒い,さむい,Lạnh (thời tiết),Tính từ
暑い,あつい,Nóng (thời tiết),Tính từ
涼しい,すずしい,Mát mẻ,Tính từ
暖かい,あたたかい,Ấm áp,Tính từ
強い風,つよいかぜ,Gió mạnh,Cụm danh từ
弱い風,よわいかぜ,Gió nhẹ,Cụm danh từ
天気予報,てんきよほう,Dự báo thời tiết,Danh từ
四季,しき,Bốn mùa,Danh từ
春,はる,Mùa xuân,Danh từ
夏,なつ,Mùa hè,Danh từ
秋,あき,Mùa thu,Danh từ
冬,ふゆ,Mùa đông,Danh từ
虹,にじ,Cầu vồng,Danh từ
雪だるま,ゆきだるま,Người tuyết,Danh từ
朝日,あさひ,Mặt trời mọc,Danh từ
夕日,ゆうひ,Hoàng hôn,Danh từ
雷が鳴る,かみなりがなる,Có sấm,Cụm động từ
雨が降る,あめがふる,Trời mưa,Cụm động từ
雪が降る,ゆきがふる,Trời tuyết,Cụm động từ
風が吹く,かぜがふく,Gió thổi,Cụm động từ
日が出る,ひがでる,Mặt trời mọc,Cụm động từ
日が沈む,ひがしずむ,Mặt trời lặn,Cụm động từ
涼しくなる,すずしくなる,Trở nên mát mẻ,Cụm động từ
暑くなる,あつくなる,Trở nên nóng,Cụm động từ
寒くなる,さむくなる,Trở nên lạnh,Cụm động từ
嬉しい,うれしい,ureshii,vui
悲しい,かなしい,kanashii,buồn
怒る,おこる,okoru,tức giận
怖い,こわい,kowai,sợ
疲れる,つかれる,tsukareru,mệt
元気,げんき,genki,khỏe
寂しい,さびしい,sabishii,cô đơn
心配,しんぱい,shinpai,lo lắng
自信,じしん,jishin,tự tin
恥ずかしい,はずかしい,hazukashii,xấu hổ
好き,すき,suki,thích
嫌い,きらい,kirai,ghét
楽しい,たのしい,tanoshii,vui vẻ
眠い,ねむい,nemui,buồn ngủ
腹ペコ,はらぺこ,harapeko,đói
喉が渇く,のどがかわく,nodo ga kawaku,khát
痛い,いたい,itai,đau
忙しい,いそがしい,isogashii,bận rộn
暇,ひま,hima,rảnh rỗi
明るい,あかるい,akarui,vui tính
好き,すき,suki,thích
嫌い,きらい,kirai,ghét
楽しい,たのしい,tanoshii,vui vẻ
眠い,ねむい,nemui,buồn ngủ
腹ペコ,はらぺこ,harapeko,đói
喉が渇く,のどがかわく,nodo ga kawaku,khát
痛い,いたい,itai,đau
忙しい,いそがしい,isogashii,bận rộn
暇,ひま,hima,rảnh rỗi
明るい,あかるい,akarui,vui tính
好き,すき,suki,thích
嫌い,きらい,kirai,ghét
楽しい,たのしい,tanoshii,vui vẻ
眠い,ねむい,nemui,buồn ngủ
腹ペコ,はらぺこ,harapeko,đói
喉が渇く,のどがかわく,nodo ga kawaku,khát
痛い,いたい,itai,đau
忙しい,いそがしい,isogashii,bận rộn
暇,ひま,hima,rảnh rỗi
明るい,あかるい,akarui,vui tính
好き,すき,suki,thích
嫌い,きらい,kirai,ghét
楽しい,たのしい,tanoshii,vui vẻ
眠い,ねむい,nemui,buồn ngủ
腹ペコ,はらぺこ,harapeko,đói
喉が渇く,のどがかわく,nodo ga kawaku,khát
痛い,いたい,itai,đau
忙しい,いそがしい,isogashii,bận rộn
暇,ひま,hima,rảnh rỗi
明るい,あかるい,akarui,vui tính
好き,すき,suki,thích
嫌い,きらい,kirai,ghét
楽しい,たのしい,tanoshii,vui vẻ
眠い,ねむい,nemui,buồn ngủ
腹ペコ,はらぺこ,harapeko,đói
喉が渇く,のどがかわく,nodo ga kawaku,khát
痛い,いたい,itai,đau
忙しい,いそがしい,isogashii,bận rộn
暇,ひま,hima,rảnh rỗi
明るい,あかるい,akarui,vui tính
好き,すき,suki,thích
嫌い,きらい,kirai,ghét
楽しい,たのしい,tanoshii,vui vẻ
眠い,ねむい,nemui,buồn ngủ
腹ペコ,はらぺこ,harapeko,đói
喉が渇く,のどがかわく,nodo ga kawaku,khát
痛い,いたい,itai,đau
忙しい,いそがしい,isogashii,bận rộn
暇,ひま,hima,rảnh rỗi
明るい,あかるい,akarui,vui tính
好き,すき,suki,thích
嫌い,きらい,kirai,ghét
楽しい,たのしい,tanoshii,vui vẻ
眠い,ねむい,nemui,buồn ngủ
腹ペコ,はらぺこ,harapeko,đói
喉が渇く,のどがかわく,nodo ga kawaku,khát
痛い,いたい,itai,đau
忙しい,いそがしい,isogashii,bận rộn
暇,ひま,hima,rảnh rỗi
明るい,あかるい,akarui,vui tính
好き,すき,suki,thích
嫌い,きらい,kirai,ghét
楽しい,たのしい,tanoshii,vui vẻ
眠い,ねむい,nemui,buồn ngủ
腹ペコ,はらぺこ,harapeko,đói
喉が渇く,のどがかわく,nodo ga kawaku,khát
痛い,いたい,itai,đau
忙しい,いそがしい,isogashii,bận rộn
暇,ひま,hima,rảnh rỗi
明るい,あかるい,akarui,vui tính
好き,すき,suki,thích
嫌い,きらい,kirai,ghét
楽しい,たのしい,tanoshii,vui vẻ
眠い,ねむい,nemui,buồn ngủ
腹ペコ,はらぺこ,harapeko,đói
喉が渇く,のどがかわく,nodo ga kawaku,khát
痛い,いたい,itai,đau
忙しい,いそがしい,isogashii,bận rộn
暇,ひま,hima,rảnh rỗi
明るい,あかるい,akarui,vui tính
仕事,しごと,công việc,Danh từ
会社,かいしゃ,công ty,Danh từ
会社員,かいしゃいん,nhân viên công ty,Danh từ
店員,てんいん,nhân viên cửa hàng,Danh từ
医者,いしゃ,bác sĩ,Danh từ
看護師,かんごし,y tá,Danh từ
先生,せんせい,giáo viên,Danh từ
教師,きょうし,giáo viên (nghề),Danh từ
学生,がくせい,"học sinh, sinh viên",Danh từ
エンジニア,えんじにあ,kỹ sư,Danh từ
運転手,うんてんしゅ,tài xế,Danh từ
料理人,りょうりにん,đầu bếp,Danh từ
美容師,びようし,thợ làm tóc,Danh từ
警察官,けいさつかん,cảnh sát,Danh từ
消防士,しょうぼうし,lính cứu hỏa,Danh từ
社長,しゃちょう,giám đốc,Danh từ
部長,ぶちょう,trưởng phòng,Danh từ
店長,てんちょう,quản lý cửa hàng,Danh từ
農家,のうか,nông dân,Danh từ
漁師,りょうし,ngư dân,Danh từ
郵便局員,ゆうびんきょくいん,nhân viên bưu điện,Danh từ
銀行員,ぎんこういん,nhân viên ngân hàng,Danh từ
作家,さっか,nhà văn,Danh từ
記者,きしゃ,phóng viên,Danh từ
俳優,はいゆう,diễn viên nam,Danh từ
女優,じょゆう,diễn viên nữ,Danh từ
歌手,かしゅ,ca sĩ,Danh từ
店,みせ,cửa hàng,Danh từ
会社に行く,かいしゃにいく,đi làm,Động từ
働く,はたらく,làm việc,Động từ
休む,やすむ,nghỉ,Động từ
会議,かいぎ,cuộc họp,Danh từ
会議室,かいぎしつ,phòng họp,Danh từ
書類,しょるい,tài liệu,Danh từ
名刺,めいし,danh thiếp,Danh từ
パソコン,ぱそこん,máy tính,Danh từ
電話,でんわ,điện thoại,Danh từ
コピーする,こぴーする,sao chép,Động từ
準備する,じゅんびする,chuẩn bị,Động từ
仕事を終える,しごとをおえる,kết thúc công việc,Động từ
残業,ざんぎょう,tăng ca,Danh từ
給料,きゅうりょう,lương,Danh từ
アルバイト,あるばいと,việc làm thêm,Danh từ
面接,めんせつ,phỏng vấn,Danh từ
就職,しゅうしょく,"xin việc, tìm việc",Danh từ
退職,たいしょく,nghỉ việc,Danh từ
専門家,せんもんか,chuyên gia,Danh từ
専門家,せんもんか,chuyên gia,Danh từ
専門家,せんもんか,chuyên gia,Danh từ
専門家,せんもんか,chuyên gia,Danh từ
専門家,せんもんか,chuyên gia,Danh từ
専門家,せんもんか,chuyên gia,Danh từ
専門家,せんもんか,chuyên gia,Danh từ
専門家,せんもんか,chuyên gia,Danh từ
専門家,せんもんか,chuyên gia,Danh từ
専門家,せんもんか,chuyên gia,Danh từ
専門家,せんもんか,chuyên gia,Danh từ
専門家,せんもんか,chuyên gia,Danh từ
専門家,せんもんか,chuyên gia,Danh từ
専門家,せんもんか,chuyên gia,Danh từ
専門家,せんもんか,chuyên gia,Danh từ
専門家,せんもんか,chuyên gia,Danh từ
専門家,せんもんか,chuyên gia,Danh từ
専門家,せんもんか,chuyên gia,Danh từ
専門家,せんもんか,chuyên gia,Danh từ
専門家,せんもんか,chuyên gia,Danh từ
専門家,せんもんか,chuyên gia,Danh từ
専門家,せんもんか,chuyên gia,Danh từ
専門家,せんもんか,chuyên gia,Danh từ
専門家,せんもんか,chuyên gia,Danh từ
専門家,せんもんか,chuyên gia,Danh từ
専門家,せんもんか,chuyên gia,Danh từ
専門家,せんもんか,chuyên gia,Danh từ
専門家,せんもんか,chuyên gia,Danh từ
専門家,せんもんか,chuyên gia,Danh từ
専門家,せんもんか,chuyên gia,Danh từ
専門家,せんもんか,chuyên gia,Danh từ
専門家,せんもんか,chuyên gia,Danh từ
専門家,せんもんか,chuyên gia,Danh từ
専門家,せんもんか,chuyên gia,Danh từ
専門家,せんもんか,chuyên gia,Danh từ
専門家,せんもんか,chuyên gia,Danh từ
専門家,せんもんか,chuyên gia,Danh từ
専門家,せんもんか,chuyên gia,Danh từ
専門家,せんもんか,chuyên gia,Danh từ
専門家,せんもんか,chuyên gia,Danh từ
専門家,せんもんか,chuyên gia,Danh từ
専門家,せんもんか,chuyên gia,Danh từ
専門家,せんもんか,chuyên gia,Danh từ
専門家,せんもんか,chuyên gia,Danh từ
専門家,せんもんか,chuyên gia,Danh từ
専門家,せんもんか,chuyên gia,Danh từ
専門家,せんもんか,chuyên gia,Danh từ
専門家,せんもんか,chuyên gia,Danh từ
専門家,せんもんか,chuyên gia,Danh từ
専門家,せんもんか,chuyên gia,Danh từ
専門家,せんもんか,chuyên gia,Danh từ
専門家,せんもんか,chuyên gia,Danh từ
専門家,せんもんか,chuyên gia,Danh từ
専門家,せんもんか,chuyên gia,Danh từ
旅行,りょこう,du lịch,Danh từ
旅,たび,chuyến đi,Danh từ
観光,かんこう,tham quan,Danh từ
ホテル,ほてる,khách sạn,Danh từ
旅館,りょかん,nhà trọ kiểu Nhật,Danh từ
空港,くうこう,sân bay,Danh từ
駅,えき,ga tàu,Danh từ
バス停,ばすてい,trạm xe bus,Danh từ
地図,ちず,bản đồ,Danh từ
切符,きっぷ,vé,Danh từ
予約,よやく,đặt trước,Danh từ
荷物,にもつ,hành lý,Danh từ
写真,しゃしん,ảnh,Danh từ
写真を撮る,しゃしんをとる,chụp ảnh,Động từ
散歩する,さんぽする,đi dạo,Động từ
歩く,あるく,đi bộ,Động từ
登る,のぼる,leo (núi),Động từ
海,うみ,biển,Danh từ
山,やま,núi,Danh từ
川,かわ,sông,Danh từ
湖,みずうみ,hồ,Danh từ
島,しま,đảo,Danh từ
温泉,おんせん,suối nước nóng,Danh từ
公園,こうえん,công viên,Danh từ
動物園,どうぶつえん,sở thú,Danh từ
水族館,すいぞくかん,thủy cung,Danh từ
城,しろ,lâu đài,Danh từ
寺,てら,chùa,Danh từ
神社,じんじゃ,đền thờ Thần đạo,Danh từ
観光地,かんこうち,điểm du lịch,Danh từ
旅行する,りょこうする,du lịch,Động từ
出発,しゅっぱつ,xuất phát,Danh từ
到着,とうちゃく,đến nơi,Danh từ
パスポート,ぱすぽーと,hộ chiếu,Danh từ
案内,あんない,hướng dẫn,Danh từ / Động từ
ガイド,がいど,hướng dẫn viên,Danh từ
買い物,かいもの,mua sắm,Danh từ
観る,みる,"chiêm ngưỡng, xem",Động từ
休む,やすむ,nghỉ ngơi,Động từ
宿泊,しゅくはく,trọ lại,Danh từ
冒険,ぼうけん,phiêu lưu,Danh từ
冒険,ぼうけん,phiêu lưu,Danh từ
冒険,ぼうけん,phiêu lưu,Danh từ
冒険,ぼうけん,phiêu lưu,Danh từ
冒険,ぼうけん,phiêu lưu,Danh từ
冒険,ぼうけん,phiêu lưu,Danh từ
冒険,ぼうけん,phiêu lưu,Danh từ
冒険,ぼうけん,phiêu lưu,Danh từ
冒険,ぼうけん,phiêu lưu,Danh từ
冒険,ぼうけん,phiêu lưu,Danh từ
冒険,ぼうけん,phiêu lưu,Danh từ
冒険,ぼうけん,phiêu lưu,Danh từ
冒険,ぼうけん,phiêu lưu,Danh từ
冒険,ぼうけん,phiêu lưu,Danh từ
冒険,ぼうけん,phiêu lưu,Danh từ
冒険,ぼうけん,phiêu lưu,Danh từ
冒険,ぼうけん,phiêu lưu,Danh từ
冒険,ぼうけん,phiêu lưu,Danh từ
冒険,ぼうけん,phiêu lưu,Danh từ
冒険,ぼうけん,phiêu lưu,Danh từ
冒険,ぼうけん,phiêu lưu,Danh từ
冒険,ぼうけん,phiêu lưu,Danh từ
冒険,ぼうけん,phiêu lưu,Danh từ
冒険,ぼうけん,phiêu lưu,Danh từ
冒険,ぼうけん,phiêu lưu,Danh từ
冒険,ぼうけん,phiêu lưu,Danh từ
冒険,ぼうけん,phiêu lưu,Danh từ
冒険,ぼうけん,phiêu lưu,Danh từ
冒険,ぼうけん,phiêu lưu,Danh từ
冒険,ぼうけん,phiêu lưu,Danh từ
冒険,ぼうけん,phiêu lưu,Danh từ
冒険,ぼうけん,phiêu lưu,Danh từ
冒険,ぼうけん,phiêu lưu,Danh từ
冒険,ぼうけん,phiêu lưu,Danh từ
冒険,ぼうけん,phiêu lưu,Danh từ
冒険,ぼうけん,phiêu lưu,Danh từ
冒険,ぼうけん,phiêu lưu,Danh từ
冒険,ぼうけん,phiêu lưu,Danh từ
冒険,ぼうけん,phiêu lưu,Danh từ
冒険,ぼうけん,phiêu lưu,Danh từ
冒険,ぼうけん,phiêu lưu,Danh từ
冒険,ぼうけん,phiêu lưu,Danh từ
冒険,ぼうけん,phiêu lưu,Danh từ
冒険,ぼうけん,phiêu lưu,Danh từ
冒険,ぼうけん,phiêu lưu,Danh từ
冒険,ぼうけん,phiêu lưu,Danh từ
冒険,ぼうけん,phiêu lưu,Danh từ
冒険,ぼうけん,phiêu lưu,Danh từ
冒険,ぼうけん,phiêu lưu,Danh từ
冒険,ぼうけん,phiêu lưu,Danh từ
冒険,ぼうけん,phiêu lưu,Danh từ
冒険,ぼうけん,phiêu lưu,Danh từ
冒険,ぼうけん,phiêu lưu,Danh từ
冒険,ぼうけん,phiêu lưu,Danh từ
冒険,ぼうけん,phiêu lưu,Danh từ
冒険,ぼうけん,phiêu lưu,Danh từ
冒険,ぼうけん,phiêu lưu,Danh từ
冒険,ぼうけん,phiêu lưu,Danh từ
冒険,ぼうけん,phiêu lưu,Danh từ
冒険,ぼうけん,phiêu lưu,Danh từ
